"Household ID","Walk"
"502451648","AE1-1"
"500054628","AE1-1"
"500852591","AE1-1"
"500873547","AE1-1"
"500880068","AE1-1"
"500910944","AE1-1"
"500973615","AE1-1"
"501035702","AE1-1"
"501111466","AE1-1"
"501137303","AE1-1"
"500111597","AE1-1"
"501186238","AE1-1"
"501559899","AE1-1"
"501565656","AE1-1"
"501576873","AE1-1"
"501668743","AE1-1"
"501706275","AE1-1"
"501722439","AE1-1"
"501727161","AE1-1"
"501748261","AE1-1"
"501763361","AE1-1"
"501849540","AE1-1"
"501861962","AE1-1"
"501873442","AE1-1"
"501917730","AE1-1"
"501946391","AE1-1"
"501991928","AE1-1"
"502011983","AE1-1"
"502071422","AE1-1"
"502091284","AE1-1"
"500140703","AE1-1"
"502194935","AE1-1"
"502346676","AE1-1"
"502407405","AE1-1"
"502411503","AE1-1"
"500221870","AE1-1"
"500314165","AE1-1"
"500379465","AE1-1"
"500541450","AE1-1"
"500765235","AE1-1"
"502540292","AE1-1"
"502584436","AE1-1"
"502589120","AE1-1"
"502593598","AE1-1"
"502610315","AE1-1"
"502817893","AE1-1"
"504879015","AE1-1"
"504911701","AE1-1"
"513978532","AE1-1"
"504714713","AE1-1"
"504754692","AE1-1"
"504824814","AE1-1"
"509986506","AE1-1"
"517595176","AE1-1"
"517620246","AE1-1"
"517701285","AE1-1"
"517796140","AE1-1"
"517799325","AE1-1"
"517868299","AE1-1"
"518005535","AE1-1"
"514034503","AE1-1"
"502896602","AE1-1"
"507484389","AE1-1"
"506226562","AE1-1"
"506298514","AE1-1"
"506755909","AE1-1"
"506079324","AE1-1"
"502685837","AE1-1"
"502711031","AE1-1"
"506836612","AE1-1"
"506088050","AE1-1"
"514350260","AE1-1"
"508197739","AE1-1"
"507805298","AE1-1"
"514621781","AE1-1"
"514968558","AE1-1"
"514996860","AE1-1"
"506995582","AE1-1"
"502789798","AE1-1"
"508204562","AE1-1"
"507014668","AE1-1"
"507924150","AE1-1"
"515260203","AE1-1"
"508136936","AE1-1"
"508750792","AE1-1"
"502942798","AE1-1"
"503183122","AE1-1"
"507044980","AE1-1"
"507196327","AE1-1"
"506981177","AE1-1"
"503540687","AE1-1"
"503546168","AE1-1"
"513145599","AE1-1"
"517026258","AE1-1"
"503707635","AE1-1"
"507226536","AE1-1"
"503834013","AE1-1"
"507353438","AE1-1"
"503900327","AE1-1"
"504012041","AE1-1"
"504022921","AE1-1"
"504967703","AE1-1"
"516157815","AE1-1"
"516265429","AE1-1"
"516321012","AE1-1"
"516519491","AE1-1"
"505833710","AE1-1"
"507532258","AE1-1"
"507597479","AE1-1"
"504297625","AE1-1"
"504353177","AE1-1"
"508221178","AE1-1"
"507682140","AE1-1"
"508304017","AE1-1"
"507749542","AE1-1"
"508900364","AE1-1"
"508190296","AE1-1"
"509634734","AE1-1"
"505039653","AE1-1"
"506499791","AE1-1"
"506558743","AE1-1"
"508271566","AE1-1"
"504608565","AE1-1"
"504650586","AE1-1"
"508517097","AE1-2"
"504659039","AE1-2"
"504700185","AE1-2"
"516865672","AE1-2"
"508394331","AE1-2"
"503475147","AE1-2"
"513847952","AE1-2"
"513897274","AE1-2"
"513916483","AE1-2"
"511178067","AE1-2"
"509846715","AE1-2"
"509873985","AE1-2"
"510135237","AE1-2"
"514222792","AE1-2"
"514186348","AE1-2"
"517032949","AE1-2"
"517086714","AE1-2"
"517116544","AE1-2"
"517160347","AE1-2"
"517222503","AE1-2"
"517403291","AE1-2"
"517556063","AE1-2"
"511236826","AE1-2"
"513615649","AE1-2"
"514235218","AE1-2"
"514241441","AE1-2"
"509975586","AE1-2"
"510076052","AE1-2"
"510198088","AE1-2"
"513511566","AE1-2"
"514294480","AE1-2"
"509452558","AE1-2"
"505065950","AE1-2"
"505067646","AE1-2"
"515212224","AE1-2"
"506367508","AE1-2"
"505777877","AE1-2"
"510343256","AE1-2"
"514331411","AE1-2"
"505257777","AE1-2"
"514474426","AE1-2"
"512148907","AE1-2"
"512224379","AE1-2"
"502779352","AE1-2"
"514501539","AE1-2"
"511924577","AE1-2"
"514930183","AE1-2"
"509016010","AE1-2"
"504868220","AE1-2"
"511797998","AE1-2"
"512016938","AE1-2"
"510563192","AE1-2"
"509665356","AE1-2"
"515108514","AE1-2"
"509164411","AE1-2"
"511348908","AE1-2"
"515263174","AE1-2"
"505441806","AE1-2"
"505323748","AE1-2"
"508922593","AE1-2"
"515303087","AE1-2"
"511075069","AE1-2"
"505524566","AE1-2"
"509684626","AE1-2"
"509874443","AE1-2"
"515358747","AE1-2"
"515445053","AE1-2"
"515461521","AE1-2"
"506349527","AE1-2"
"508676954","AE1-2"
"503651157","AE1-2"
"515464037","AE1-2"
"510725566","AE1-2"
"505584095","AE1-2"
"510614815","AE1-2"
"511552305","AE1-2"
"515528045","AE1-2"
"505615110","AE1-2"
"505726001","AE1-2"
"512237481","AE1-2"
"503835914","AE1-2"
"506373314","AE1-2"
"509268878","AE1-2"
"515949806","AE1-2"
"511739555","AE1-2"
"515923659","AE1-2"
"510832286","AE1-2"
"510795706","AE1-2"
"509922850","AE1-2"
"512509804","AE1-2"
"515985200","AE1-2"
"509300130","AE1-2"
"505773421","AE1-2"
"510972873","AE1-2"
"515992146","AE1-2"
"508953496","AE1-2"
"509016123","AE1-2"
"511025829","AE1-2"
"508631778","AE1-2"
"506356555","AE1-2"
"504284304","AE1-2"
"505918951","AE1-2"
"506386089","AE1-2"
"505960674","AE1-2"
"509229408","AE1-2"
"516578233","AE1-2"
"512654023","AE1-2"
"505962222","AE1-2"
"513272646","AE1-2"
"516756510","AE1-2"
"504387880","AE1-2"
"516875804","AE1-2"
"506010895","AE1-2"
"506446098","AE1-2"
"516939535","AE1-2"
"513020698","AE1-2"
"511529403","AE1-2"
"516949407","AE1-2"
"509397510","AE1-2"
"518289245","AE1-2"
"518326141","AE1-2"
"518484596","AE1-2"
"518519977","AE1-2"
"518530713","AE1-2"
"518661892","AE1-2"
"518763143","AE1-2"
"526482647","AF1-1"
"518818575","AF1-1"
"519499868","AF1-1"
"519587613","AF1-1"
"519659952","AF1-1"
"519712915","AF1-1"
"518967442","AF1-1"
"518986706","AF1-1"
"519100089","AF1-1"
"519126282","AF1-1"
"519180898","AF1-1"
"519263305","AF1-1"
"519272337","AF1-1"
"519776666","AF1-1"
"520338485","AF1-1"
"520427229","AF1-1"
"520514033","AF1-1"
"520696103","AF1-1"
"520831873","AF1-1"
"519778310","AF1-1"
"519822524","AF1-1"
"519864269","AF1-1"
"519978492","AF1-1"
"520034367","AF1-1"
"520142710","AF1-1"
"520233279","AF1-1"
"520315223","AF1-1"
"521783264","AF1-1"
"521919579","AF1-1"
"521945072","AF1-1"
"521984169","AF1-1"
"522021945","AF1-1"
"522073828","AF1-1"
"522074392","AF1-1"
"522077817","AF1-1"
"522271424","AF1-1"
"522342546","AF1-1"
"522355915","AF1-1"
"522411750","AF1-1"
"522534367","AF1-1"
"522587647","AF1-1"
"522736021","AF1-1"
"522806091","AF1-1"
"522867365","AF1-1"
"522928254","AF1-1"
"523080818","AF1-1"
"523174857","AF1-1"
"523178756","AF1-1"
"524500388","AF1-1"
"524215457","AF1-1"
"524314160","AF1-1"
"524354086","AF1-1"
"524436166","AF1-1"
"524490100","AF1-1"
"524491669","AF1-1"
"528901930","AF1-1"
"529100072","AF1-1"
"529118337","AF1-1"
"529193780","AF1-1"
"529249769","AF1-1"
"529258390","AF1-1"
"529278206","AF1-1"
"529304285","AF1-1"
"529524509","AF1-1"
"528951956","AF1-1"
"528967556","AF1-1"
"528973847","AF1-1"
"528986089","AF1-1"
"529010027","AF1-1"
"529066634","AF1-1"
"529604244","AF1-1"
"529688512","AF1-1"
"529811582","AF1-1"
"529898254","AF1-1"
"529902449","AF1-1"
"529973311","AF1-1"
"530018406","AF1-1"
"530031722","AF1-1"
"523221774","AF1-1"
"523225646","AF1-1"
"534894240","AF1-1"
"532389816","AF1-1"
"532737906","AF1-1"
"531647397","AF1-1"
"531779871","AF1-1"
"531939981","AF1-1"
"531959160","AF1-1"
"532093182","AF1-1"
"532118774","AF1-1"
"532188416","AF1-1"
"532214573","AF1-1"
"530505748","AF1-1"
"530807168","AF1-1"
"531066708","AF1-1"
"531165843","AF1-1"
"531328646","AF1-1"
"531401903","AF1-1"
"531437493","AF1-1"
"531498420","AF1-1"
"531500778","AF1-1"
"530529355","AF1-1"
"530588550","AF1-1"
"530618615","AF1-1"
"530648635","AF1-1"
"530951728","AF1-1"
"535066422","AF1-1"
"535130121","AF1-1"
"535187397","AF1-1"
"535194558","AF1-1"
"535226387","AF1-1"
"532286592","AF1-1"
"538106052","AF1-1"
"535240913","AF1-1"
"530056324","AF1-1"
"535335488","AF1-1"
"535547548","AF1-1"
"535629792","AF1-1"
"532052156","AF1-1"
"535787226","AF1-1"
"526445554","AF1-1"
"527038096","AF1-1"
"527871404","AF1-1"
"532854406","AF1-1"
"533425535","AF1-1"
"533939328","AF1-1"
"533948312","AF1-1"
"534100510","AF1-1"
"534259167","AF1-1"
"534391201","AF1-1"
"534679689","AF1-1"
"523285384","AF1-1"
"532370757","AF1-2"
"532592171","AF1-2"
"532759524","AF1-2"
"537139242","AF1-2"
"537187540","AF1-2"
"534647543","AF1-2"
"533369101","AF1-2"
"532651100","AF1-2"
"532835820","AF1-2"
"534828117","AF1-2"
"527890223","AF1-2"
"528143159","AF1-2"
"522546145","AF1-2"
"523057781","AF1-2"
"525004702","AF1-2"
"526372579","AF1-2"
"526382394","AF1-2"
"528421061","AF1-2"
"528811158","AF1-2"
"528825441","AF1-2"
"528897518","AF1-2"
"528524205","AF1-2"
"528592294","AF1-2"
"528621840","AF1-2"
"528642979","AF1-2"
"528650461","AF1-2"
"528730127","AF1-2"
"533016663","AF1-2"
"524198691","AF1-2"
"530124486","AF1-2"
"530313620","AF1-2"
"530385371","AF1-2"
"537188374","AF1-2"
"531925010","AF1-2"
"537867658","AF1-2"
"537910543","AF1-2"
"538061704","AF1-2"
"521627221","AF1-2"
"520865715","AF1-2"
"520985337","AF1-2"
"521080591","AF1-2"
"521290748","AF1-2"
"521414562","AF1-2"
"521418782","AF1-2"
"521591672","AF1-2"
"521631571","AF1-2"
"521727503","AF1-2"
"523302158","AF1-2"
"523341204","AF1-2"
"523373116","AF1-2"
"523391686","AF1-2"
"523520729","AF1-2"
"523637024","AF1-2"
"524099080","AF1-2"
"524036857","AF1-2"
"524163875","AF1-2"
"524189920","AF1-2"
"523998631","AF1-2"
"524500734","AF1-2"
"526399439","AF1-2"
"526468283","AF1-2"
"526567017","AF1-2"
"524559376","AF1-2"
"524572440","AF1-2"
"526568001","AF1-2"
"524576547","AF1-2"
"524651187","AF1-2"
"526836521","AF1-2"
"524741490","AF1-2"
"524744132","AF1-2"
"524771194","AF1-2"
"524786642","AF1-2"
"524880430","AF1-2"
"524900538","AF1-2"
"524966446","AF1-2"
"525052482","AF1-2"
"526969824","AF1-2"
"525238965","AF1-2"
"527103839","AF1-2"
"525275615","AF1-2"
"525389754","AF1-2"
"527161182","AF1-2"
"525463364","AF1-2"
"527282617","AF1-2"
"527168821","AF1-2"
"527483327","AF1-2"
"527737276","AF1-2"
"526075588","AF1-2"
"527547971","AF1-2"
"526039939","AF1-2"
"526191237","AF1-2"
"527932993","AF1-2"
"528172110","AF1-2"
"528155488","AF1-2"
"520958612","AF1-2"
"532931844","AF1-2"
"533084891","AF1-2"
"533271810","AF1-2"
"533590140","AF1-2"
"533743610","AF1-2"
"534266988","AF1-2"
"534422015","AF1-2"
"534646857","AF1-2"
"534763236","AF1-2"
"534943458","AF1-2"
"523806011","AF1-2"
"523833833","AF1-2"
"537244122","AF1-2"
"537252182","AF1-2"
"535812336","AF1-2"
"535797428","AF1-2"
"535899869","AF1-2"
"536010255","AF1-2"
"537346049","AF1-2"
"537373696","AF1-2"
"536018948","AF1-2"
"537544896","AF1-2"
"536107167","AF1-2"
"536245207","AF1-2"
"537683972","AF1-2"
"537707498","AF1-2"
"537733971","AF1-2"
"537738584","AF1-2"
"536260778","AF1-2"
"536463626","AF1-2"
"536538684","AF1-2"
"536755520","AF1-2"
"536821320","AF1-2"
"536926812","AF1-2"
"536946527","AF1-2"
"537810794","AF1-2"
"536907368","AF1-2"
"537104217","AF1-2"
"538511416","AU1-1"
"538865089","AU1-1"
"538866443","AU1-1"
"538937953","AU1-1"
"539030976","AU1-1"
"539255553","AU1-1"
"538527124","AU1-1"
"538687957","AU1-1"
"538723563","AU1-1"
"538733752","AU1-1"
"538761836","AU1-1"
"538766374","AU1-1"
"538787337","AU1-1"
"539287487","AU1-1"
"539332892","AU1-1"
"539456784","AU1-1"
"539575887","AU1-1"
"539583545","AU1-1"
"539615286","AU1-1"
"539631022","AU1-1"
"544203836","AU1-1"
"544275743","AU1-1"
"544280009","AU1-1"
"544412785","AU1-1"
"544429358","AU1-1"
"543969011","AU1-1"
"544010562","AU1-1"
"544076701","AU1-1"
"544143332","AU1-1"
"544158252","AU1-1"
"544195077","AU1-1"
"544514325","AU1-1"
"545044121","AU1-1"
"545074240","AU1-1"
"544530649","AU1-1"
"544610340","AU1-1"
"544734170","AU1-1"
"544787343","AU1-1"
"544848322","AU1-1"
"543922520","AU1-1"
"545321709","AU1-1"
"546069150","AU1-1"
"545656989","AU1-1"
"545675185","AU1-1"
"545705607","AU1-1"
"543961560","AU1-1"
"546104107","AU1-1"
"545888961","AU1-1"
"545951420","AU1-1"
"546060568","AU1-1"
"546092380","AU1-1"
"538220597","AU1-1"
"538403249","AU1-1"
"538371677","AU1-1"
"541259141","AU1-1"
"541340885","AU1-1"
"541357314","AU1-1"
"541749159","AU1-1"
"541797366","AU1-1"
"541919413","AU1-1"
"541003414","AU1-1"
"542529523","AU1-1"
"542927983","AU1-1"
"543114647","AU1-1"
"543243063","AU1-1"
"543851409","AU1-2"
"546319231","AU1-2"
"539646260","AU1-2"
"540603519","AU1-2"
"539648535","AU1-2"
"539694823","AU1-2"
"539728036","AU1-2"
"539829242","AU1-2"
"540449942","AU1-2"
"540493646","AU1-2"
"540508151","AU1-2"
"540529729","AU1-2"
"547779728","AU1-2"
"546445930","AU1-2"
"546512839","AU1-2"
"546432171","AU1-2"
"546442535","AU1-2"
"540616280","AU1-2"
"546682177","AU1-2"
"543750209","AU1-2"
"546789517","AU1-2"
"546923869","AU1-2"
"547019499","AU1-2"
"547059726","AU1-2"
"546146178","AU1-2"
"547251996","AU1-2"
"546177973","AU1-2"
"547308057","AU1-2"
"547345994","AU1-2"
"546231120","AU1-2"
"547446969","AU1-2"
"547422099","AU1-2"
"546256945","AU1-2"
"546370770","AU1-2"
"546399497","AU1-2"
"547637454","AU1-2"
"540606234","AU1-2"
"540661189","AU1-2"
"540699449","AU1-2"
"540733299","AU1-2"
"540816921","AU1-2"
"540754035","AU1-2"
"540946755","AU1-2"
"541184493","AU1-2"
"541309004","AU1-2"
"541410880","AU1-2"
"541427085","AU1-2"
"541594102","AU1-2"
"541634327","AU1-2"
"541689213","AU1-2"
"541746057","AU1-2"
"541770310","AU1-2"
"541782241","AU1-2"
"541837955","AU1-2"
"541848097","AU1-2"
"541919662","AU1-2"
"541973731","AU1-2"
"542051289","AU1-2"
"542180198","AU1-2"
"542292367","AU1-2"
"542375844","AU1-2"
"542413846","AU1-2"
"542456144","AU1-2"
"542557091","AU1-2"
"542726838","AU1-2"
"542906876","AU1-2"
"543932684","AU1-2"
"543203090","AU1-2"
"543250316","AU1-2"
"543301585","AU1-2"
"543461396","AU1-2"
"543518739","AU1-2"
"543300349","AU1-2"
"543569421","AU1-2"
"543599141","AU1-2"
"543639867","AU1-2"
"560078440","N1-1"
"566700821","N1-1"
"566975751","N1-1"
"566984591","N1-1"
"566986475","N1-1"
"567009625","N1-1"
"567086376","N1-1"
"567227592","N1-1"
"567238422","N1-1"
"567297704","N1-1"
"567457291","N1-1"
"567540477","N1-1"
"567797681","N1-1"
"567850356","N1-1"
"567859600","N1-1"
"567889039","N1-1"
"567916394","N1-1"
"567946873","N1-1"
"567960392","N1-1"
"567972552","N1-1"
"568171025","N1-1"
"568264482","N1-1"
"568312727","N1-1"
"568412724","N1-1"
"568418699","N1-1"
"568483263","N1-1"
"568580995","N1-1"
"568615381","N1-1"
"568788295","N1-1"
"568817329","N1-1"
"568855432","N1-1"
"568970761","N1-1"
"569083873","N1-1"
"569085378","N1-1"
"569113952","N1-1"
"569269519","N1-1"
"569272267","N1-1"
"569325710","N1-1"
"569475046","N1-1"
"567429195","N1-1"
"567883572","N1-1"
"572564342","N1-1"
"572602154","N1-1"
"572673781","N1-1"
"572706646","N1-1"
"572712818","N1-1"
"572740989","N1-1"
"572839855","N1-1"
"572840879","N1-1"
"572907343","N1-1"
"573064932","N1-1"
"573069647","N1-1"
"573191318","N1-1"
"573267607","N1-1"
"573312360","N1-1"
"573326726","N1-1"
"573457163","N1-1"
"573583497","N1-1"
"571224114","N1-1"
"571605064","N1-1"
"571812846","N1-1"
"573684007","N1-1"
"571843614","N1-1"
"571931380","N1-1"
"571936013","N1-1"
"573271141","N1-1"
"571978425","N1-1"
"572056297","N1-1"
"572172073","N1-1"
"572188170","N1-1"
"571250003","N1-1"
"572275732","N1-1"
"572360192","N1-1"
"572506700","N1-1"
"571550290","N1-1"
"571575122","N1-1"
"569580972","N1-1"
"569605457","N1-1"
"569628958","N1-1"
"556013812","N1-2"
"556224981","N1-2"
"556313548","N1-2"
"556363953","N1-2"
"556444439","N1-2"
"556496186","N1-2"
"556514707","N1-2"
"556514841","N1-2"
"560092790","N1-2"
"560107848","N1-2"
"560143353","N1-2"
"560199113","N1-2"
"560285883","N1-2"
"560516603","N1-2"
"565144755","N1-2"
"565174637","N1-2"
"564618100","N1-2"
"564640719","N1-2"
"564702058","N1-2"
"564716715","N1-2"
"569725174","N1-2"
"560590452","N1-2"
"560769086","N1-2"
"560778165","N1-2"
"577478124","N1-2"
"577519902","N1-2"
"577690201","N1-2"
"577790668","N1-2"
"577823013","N1-2"
"577952361","N1-2"
"578054158","N1-2"
"578093046","N1-2"
"578114124","N1-2"
"569753781","N1-2"
"570153750","N1-2"
"570175155","N1-2"
"570248145","N1-2"
"570402367","N1-2"
"570574178","N1-2"
"570598769","N1-2"
"570649674","N1-2"
"570710731","N1-2"
"569761721","N1-2"
"570716857","N1-2"
"570770606","N1-2"
"570848357","N1-2"
"570883117","N1-2"
"570936341","N1-2"
"571001596","N1-2"
"571011671","N1-2"
"571093046","N1-2"
"571108502","N1-2"
"569798085","N1-2"
"571121900","N1-2"
"569807424","N1-2"
"569822669","N1-2"
"569839238","N1-2"
"569957474","N1-2"
"570093168","N1-2"
"570118363","N1-2"
"580354444","N1-2"
"580355336","N1-2"
"578871919","N1-3"
"578877214","N1-3"
"578929909","N1-3"
"548028169","N1-3"
"548252834","N1-3"
"548416621","N1-3"
"569713174","N1-3"
"548527448","N1-3"
"548078267","N1-3"
"548108186","N1-3"
"548136589","N1-3"
"548224695","N1-3"
"548966553","N1-3"
"549135981","N1-3"
"549341177","N1-3"
"549390354","N1-3"
"549393635","N1-3"
"549398099","N1-3"
"548460156","N1-3"
"577458860","N1-3"
"548895461","N1-3"
"548571017","N1-3"
"548750370","N1-3"
"548785718","N1-3"
"548802014","N1-3"
"548862934","N1-3"
"548579278","N1-3"
"548585012","N1-3"
"548649593","N1-3"
"548670472","N1-3"
"578957845","N1-3"
"578978614","N1-3"
"579055043","N1-3"
"579066634","N1-3"
"579112023","N1-3"
"579155756","N1-3"
"582744109","N1-3"
"582481969","N1-3"
"582835687","N1-3"
"582902274","N1-3"
"582535483","N1-3"
"582951379","N1-3"
"582540219","N1-3"
"582555416","N1-3"
"582637087","N1-3"
"581829022","N1-3"
"582346247","N1-3"
"582660838","N1-3"
"582729768","N1-3"
"584488906","N1-3"
"584508806","N1-3"
"584776853","N1-3"
"584795779","N1-3"
"584843351","N1-3"
"584901469","N1-3"
"584942514","N1-3"
"584961939","N1-3"
"585046626","N1-3"
"585108096","N1-3"
"585121196","N1-3"
"585138438","N1-3"
"585173901","N1-3"
"548440084","N1-3"
"548443354","N1-3"
"548525330","N1-3"
"547873256","N1-4"
"547912157","N1-4"
"547987803","N1-4"
"565499631","N1-4"
"580431461","N1-4"
"580453040","N1-4"
"559809199","N1-4"
"559869145","N1-4"
"559955994","N1-4"
"560074261","N1-4"
"559319255","N1-4"
"559190322","N1-4"
"559789840","N1-4"
"578184542","N1-4"
"578426692","N1-4"
"578212776","N1-4"
"578234835","N1-4"
"578427116","N1-4"
"578237893","N1-4"
"578276138","N1-4"
"578470406","N1-4"
"578366271","N1-4"
"578522736","N1-4"
"578568729","N1-4"
"578666150","N1-4"
"578703125","N1-4"
"578735535","N1-4"
"578794572","N1-4"
"578834024","N1-4"
"578839395","N1-4"
"578865442","N1-4"
"579209281","N1-4"
"579265010","N1-4"
"581237368","N1-4"
"583224134","N1-4"
"581270876","N1-4"
"583380942","N1-4"
"583502939","N1-4"
"581341267","N1-4"
"581550120","N1-4"
"581553972","N1-4"
"581581179","N1-4"
"581669313","N1-4"
"583595236","N1-4"
"583615668","N1-4"
"581686712","N1-4"
"583629005","N1-4"
"581701378","N1-4"
"583641421","N1-4"
"583780577","N1-4"
"583968111","N1-4"
"581823085","N1-4"
"581924859","N1-4"
"581976232","N1-4"
"584053044","N1-4"
"582296904","N1-4"
"583001719","N1-4"
"580882140","N1-4"
"584083910","N1-4"
"583052669","N1-4"
"582246524","N1-4"
"582450340","N1-4"
"580887915","N1-4"
"584159191","N1-4"
"584434397","N1-4"
"589802850","N1-4"
"575558138","N1-5"
"575604794","N1-5"
"554664647","N1-5"
"554730056","N1-5"
"554839312","N1-5"
"554842082","N1-5"
"555029384","N1-5"
"555047160","N1-5"
"555203830","N1-5"
"555427128","N1-5"
"555484298","N1-5"
"555567652","N1-5"
"555642444","N1-5"
"555720570","N1-5"
"555737001","N1-5"
"555842159","N1-5"
"556002768","N1-5"
"557132385","N1-5"
"557277091","N1-5"
"557358388","N1-5"
"557450943","N1-5"
"557466888","N1-5"
"557591522","N1-5"
"557607435","N1-5"
"557850907","N1-5"
"557745641","N1-5"
"574052826","N1-5"
"573725112","N1-5"
"573747860","N1-5"
"574107355","N1-5"
"574402541","N1-5"
"574505049","N1-5"
"574719450","N1-5"
"574777949","N1-5"
"574859485","N1-5"
"557813867","N1-5"
"557841877","N1-5"
"557848175","N1-5"
"557850460","N1-5"
"594501176","N1-5"
"595039990","N1-5"
"595056497","N1-5"
"595096523","N1-5"
"595136431","N1-5"
"595137899","N1-5"
"595240371","N1-5"
"595288769","N1-5"
"595292522","N1-5"
"595406730","N1-5"
"595435079","N1-5"
"595479532","N1-5"
"595541287","N1-5"
"595590048","N1-5"
"594695803","N1-5"
"595681103","N1-5"
"595684185","N1-5"
"595724825","N1-5"
"595747573","N1-5"
"595878710","N1-5"
"595887835","N1-5"
"595892131","N1-5"
"595926292","N1-5"
"594838432","N1-5"
"594915102","N1-5"
"594915360","N1-5"
"594928119","N1-5"
"594950742","N1-5"
"574872181","N1-6"
"575026745","N1-6"
"575250181","N1-6"
"575296083","N1-6"
"575414718","N1-6"
"575442409","N1-6"
"575550714","N1-6"
"589813569","N1-6"
"590484566","N1-6"
"590523383","N1-6"
"590720142","N1-6"
"590754823","N1-6"
"590851197","N1-6"
"590892374","N1-6"
"591007206","N1-6"
"591074293","N1-6"
"591222011","N1-6"
"591330168","N1-6"
"589861409","N1-6"
"591338295","N1-6"
"591422292","N1-6"
"591555183","N1-6"
"591583834","N1-6"
"591632938","N1-6"
"591649679","N1-6"
"591855271","N1-6"
"591915183","N1-6"
"591921424","N1-6"
"589880321","N1-6"
"591932832","N1-6"
"591947031","N1-6"
"592320229","N1-6"
"592419771","N1-6"
"592534110","N1-6"
"592566746","N1-6"
"592797536","N1-6"
"592813523","N1-6"
"592836800","N1-6"
"592957261","N1-6"
"589988579","N1-6"
"593010411","N1-6"
"593037878","N1-6"
"593189476","N1-6"
"593348023","N1-6"
"593651156","N1-6"
"593652727","N1-6"
"593765361","N1-6"
"593779293","N1-6"
"593853154","N1-6"
"593863627","N1-6"
"590007587","N1-6"
"593891869","N1-6"
"594035796","N1-6"
"594062019","N1-6"
"594143997","N1-6"
"594154107","N1-6"
"594161718","N1-6"
"594180270","N1-6"
"594254986","N1-6"
"590147075","N1-6"
"594266656","N1-6"
"594292486","N1-6"
"594344789","N1-6"
"594420526","N1-6"
"594433499","N1-6"
"594439996","N1-6"
"590260411","N1-6"
"590284546","N1-6"
"590450915","N1-6"
"553859067","N1-7"
"553863527","N1-7"
"553885870","N1-7"
"553977086","N1-7"
"554061127","N1-7"
"554301581","N1-7"
"554336266","N1-7"
"554479916","N1-7"
"554517677","N1-7"
"561402845","N1-7"
"561523108","N1-7"
"561641682","N1-7"
"564058633","N1-7"
"564079935","N1-7"
"564145471","N1-7"
"564153381","N1-7"
"564211791","N1-7"
"564273414","N1-7"
"564396256","N1-7"
"564400312","N1-7"
"561654199","N1-7"
"564517943","N1-7"
"564562362","N1-7"
"564564562","N1-7"
"564567598","N1-7"
"561778986","N1-7"
"561826463","N1-7"
"561827171","N1-7"
"561901718","N1-7"
"562080951","N1-7"
"562105882","N1-7"
"562158850","N1-7"
"562273641","N1-7"
"562489140","N1-7"
"562616999","N1-7"
"562620582","N1-7"
"562672016","N1-7"
"562700314","N1-7"
"562737003","N1-7"
"561405680","N1-7"
"562755009","N1-7"
"562767996","N1-7"
"562779262","N1-7"
"562787655","N1-7"
"562828245","N1-7"
"562895704","N1-7"
"562911376","N1-7"
"561493594","N1-7"
"562925356","N1-7"
"562939849","N1-7"
"563003287","N1-7"
"563040713","N1-7"
"563077247","N1-7"
"563145105","N1-7"
"563149920","N1-7"
"563197189","N1-7"
"561518252","N1-7"
"575731067","N1-7"
"575930409","N1-7"
"575957993","N1-7"
"580776409","N1-7"
"580827113","N1-7"
"580857752","N1-7"
"580860702","N1-7"
"580496835","N1-7"
"580535114","N1-7"
"580684566","N1-7"
"560810178","N1-8"
"561399214","N1-8"
"560838416","N1-8"
"560846225","N1-8"
"560848849","N1-8"
"560886606","N1-8"
"561007695","N1-8"
"561216474","N1-8"
"561313419","N1-8"
"563897953","N1-8"
"563921305","N1-8"
"563955805","N1-8"
"563987821","N1-8"
"563237561","N1-8"
"563260730","N1-8"
"563273554","N1-8"
"563286098","N1-8"
"563294878","N1-8"
"563336675","N1-8"
"563459166","N1-8"
"563519373","N1-8"
"563530280","N1-8"
"563534403","N1-8"
"563551490","N1-8"
"563586311","N1-8"
"563609862","N1-8"
"563628114","N1-8"
"563729571","N1-8"
"563737442","N1-8"
"563769507","N1-8"
"563826328","N1-8"
"577437265","N1-8"
"577452306","N1-8"
"577093641","N1-8"
"577306609","N1-8"
"577357182","N1-8"
"585233307","N1-8"
"586193506","N1-8"
"586267147","N1-8"
"586291895","N1-8"
"586474596","N1-8"
"586508047","N1-8"
"586587870","N1-8"
"586720711","N1-8"
"586764103","N1-8"
"586841256","N1-8"
"586949000","N1-8"
"585307910","N1-8"
"587036907","N1-8"
"587072974","N1-8"
"587189512","N1-8"
"587255432","N1-8"
"587308418","N1-8"
"587315684","N1-8"
"587545822","N1-8"
"587622902","N1-8"
"587648318","N1-8"
"585618633","N1-8"
"587661388","N1-8"
"587819284","N1-8"
"587833436","N1-8"
"588023453","N1-8"
"588111646","N1-8"
"588143702","N1-8"
"588244295","N1-8"
"588286877","N1-8"
"585755706","N1-8"
"588330456","N1-8"
"588338394","N1-8"
"588525408","N1-8"
"588920069","N1-8"
"585869624","N1-8"
"585998839","N1-8"
"586010630","N1-8"
"588942909","N1-8"
"589003903","N1-8"
"586126231","N1-8"
"586130932","N1-8"
"549797339","N1-9"
"550093962","N1-9"
"550152865","N1-9"
"550310217","N1-9"
"550395706","N1-9"
"550461273","N1-9"
"550467173","N1-9"
"550744276","N1-9"
"550820634","N1-9"
"550938719","N1-9"
"551017469","N1-9"
"551042213","N1-9"
"551053841","N1-9"
"551119784","N1-9"
"551198607","N1-9"
"551246086","N1-9"
"551273439","N1-9"
"551503373","N1-9"
"551506264","N1-9"
"551553444","N1-9"
"551699842","N1-9"
"551768713","N1-9"
"551775041","N1-9"
"551889486","N1-9"
"551998444","N1-9"
"552185356","N1-9"
"552242633","N1-9"
"552316869","N1-9"
"552516717","N1-9"
"552563375","N1-9"
"552598869","N1-9"
"549480157","N1-9"
"552605565","N1-9"
"552654278","N1-9"
"552811142","N1-9"
"552887342","N1-9"
"553016041","N1-9"
"553070971","N1-9"
"553092038","N1-9"
"553207709","N1-9"
"553222350","N1-9"
"553232081","N1-9"
"553606854","N1-9"
"553739780","N1-9"
"553749041","N1-9"
"553807908","N1-9"
"549766215","N1-9"
"549778033","N1-9"
"589608965","N1-9"
"589653012","N1-9"
"589669579","N1-9"
"589512097","N1-9"
"589400597","N1-9"
"576917214","N1-9"
"577045014","N1-9"
"577057049","N1-9"
"556911008","N1-10"
"556920564","N1-10"
"556986473","N1-10"
"557013521","N1-10"
"557050310","N1-10"
"557078774","N1-10"
"557118891","N1-10"
"556653485","N1-10"
"556716478","N1-10"
"556854424","N1-10"
"557880641","N1-10"
"557915546","N1-10"
"558091760","N1-10"
"558098002","N1-10"
"558336951","N1-10"
"558454747","N1-10"
"558698954","N1-10"
"558583637","N1-10"
"558739801","N1-10"
"558829977","N1-10"
"558122463","N1-10"
"558897769","N1-10"
"559087698","N1-10"
"559674251","N1-10"
"565331822","N1-10"
"565205381","N1-10"
"565334197","N1-10"
"565394602","N1-10"
"565399066","N1-10"
"565408025","N1-10"
"565546225","N1-10"
"565813401","N1-10"
"565842601","N1-10"
"565852637","N1-10"
"566191990","N1-10"
"566232460","N1-10"
"566273579","N1-10"
"566305293","N1-10"
"566344970","N1-10"
"566487830","N1-10"
"566589139","N1-10"
"575995196","N1-10"
"576194186","N1-10"
"576287549","N1-10"
"576365452","N1-10"
"576369591","N1-10"
"576446388","N1-10"
"576467484","N1-10"
"576601356","N1-10"
"576796617","N1-10"
"576805386","N1-10"
"576834456","N1-10"
"580302514","N1-10"
"579377981","N1-10"
"579851520","N1-10"
"579912438","N1-10"
"579921123","N1-10"
"579950644","N1-10"
"580084707","N1-10"
"580126482","N1-10"
"580233590","N1-10"
"579507200","N1-10"
"579592736","N1-10"
"579676247","N1-10"
"579708231","N1-10"
"579779993","N1-10"
"579818041","N1-10"
"579821959","N1-10"
"579846154","N1-10"
"599876392","N2-1"
"599982911","N2-1"
"599986988","N2-1"
"596521907","N2-1"
"596587325","N2-1"
"596629183","N2-1"
"596675096","N2-1"
"596700097","N2-1"
"596743678","N2-1"
"596762328","N2-1"
"596832008","N2-1"
"596901019","N2-1"
"597437743","N2-1"
"597490690","N2-1"
"595981475","N2-1"
"596063086","N2-1"
"596140997","N2-1"
"596264051","N2-1"
"596456908","N2-1"
"596500631","N2-1"
"599440150","N2-1"
"599536989","N2-1"
"599377745","N2-1"
"599554898","N2-1"
"596596921","N2-1"
"599646093","N2-1"
"599724783","N2-1"
"599753184","N2-1"
"599759072","N2-1"
"599889784","N2-1"
"599903502","N2-1"
"599916189","N2-1"
"599916280","N2-1"
"597504822","N2-2"
"597548160","N2-2"
"597594533","N2-2"
"597647581","N2-2"
"598699804","N2-2"
"598706844","N2-2"
"598732726","N2-2"
"598862496","N2-2"
"598872979","N2-2"
"597692985","N2-2"
"597733124","N2-2"
"597843280","N2-2"
"598914965","N2-2"
"598984877","N2-2"
"599038900","N2-2"
"597925160","N2-2"
"597947817","N2-2"
"598042084","N2-2"
"599334094","N2-2"
"598049111","N2-2"
"599164421","N2-2"
"598056467","N2-2"
"599184956","N2-2"
"599296455","N2-2"
"598073707","N2-2"
"598169480","N2-2"
"599218489","N2-2"
"599205364","N2-2"
"598238063","N2-2"
"598329139","N2-2"
"599224722","N2-2"
"598367494","N2-2"
"598665450","N2-2"
"598691017","N2-2"
