Division,Existing district,Winner code,Winning party,Reform UK %,Reform UK votes,Conservative %,Conservative votes,Liberal Democrats %,Liberal Democrats votes,Labour %,Labour votes,Green %,Green votes,Minor %,Other %
Brereton & Ravenhill ED,Cannock Chase District,RFM,Reform UK,49.5%,1210,14.6%,358,0.0%,,19.0%,464,5.9%,144,11.0%,0.0%
Brewood ED,South Staffordshire,RFM,Reform UK,44.8%,1618,36.8%,1331,4.6%,168,10.3%,374,3.4%,124,0.0%,0.0%
Burntwood North ED,Lichfield District,RFM,Reform UK,51.8%,1888,21.8%,794,6.6%,241,19.8%,721,0.0%,,0.0%,0.0%
Burntwood South ED,Lichfield District,RFM,Reform UK,46.6%,1407,17.5%,529,4.8%,145,31.1%,939,0.0%,,0.0%,0.0%
Burton South ED,East Staffordshire Borough,RFM,Reform UK,47.4%,1062,24.6%,551,0.0%,,18.9%,423,9.2%,206,0.0%,0.0%
Burton Tower ED,East Staffordshire Borough,CON,Conservative,32.5%,1139,39.2%,1376,4.9%,173,18.6%,652,4.8%,169,0.0%,0.0%
Burton Town ED,East Staffordshire Borough,RFM,Reform UK,35.3%,685,16.5%,320,0.0%,,34.7%,672,13.5%,261,0.0%,0.0%
Burton Trent ED,East Staffordshire Borough,LAB,Labour,31.3%,766,15.4%,377,5.8%,143,41.7%,1021,5.9%,144,0.0%,0.0%
Cannock Town ED,Cannock Chase District,RFM,Reform UK,51.5%,1982,24.5%,942,0.0%,,15.1%,580,8.3%,318,0.8%,0.0%
Chadsmoor ED,Cannock Chase District,RFM,Reform UK,62.9%,2053,13.4%,436,3.1%,102,15.7%,512,4.9%,161,0.0%,0.0%
"Cheslyn Hay Village, Featherstone & Shareshill ED",South Staffordshire,RFM,Reform UK,50.6%,1685,30.6%,1020,3.1%,104,12.3%,409,3.4%,114,0.0%,0.0%
Codsall ED,South Staffordshire,CON,Conservative,33.2%,1067,40.9%,1317,8.7%,279,7.8%,250,8.7%,281,0.7%,0.0%
Dove ED,East Staffordshire Borough,CON,Conservative,33.4%,1081,43.7%,1414,0.0%,,11.6%,376,11.3%,364,0.0%,0.0%
Eccleshall & Gnosall ED,Stafford Borough,RFM,Reform UK,34.9%,1584,34.3%,1557,4.1%,187,7.5%,342,19.0%,863,0.0%,0.0%
Etching Hill & The Heath ED,Cannock Chase District,RFM,Reform UK,46.0%,1525,27.6%,915,0.0%,,15.0%,497,5.7%,188,5.7%,0.0%
Great Wyrley & Essington ED,South Staffordshire,RFM,Reform UK,49.6%,1679,31.6%,1068,3.5%,118,11.2%,380,4.1%,138,0.0%,0.0%
"Hawks Green, Rawnsley & Cannock Wood ED",Cannock Chase District,RFM,Reform UK,47.2%,1973,18.9%,789,2.3%,94,6.8%,286,23.1%,964,1.7%,0.0%
Hednesford North ED,Cannock Chase District,RFM,Reform UK,56.4%,2019,9.7%,348,0.0%,,11.8%,423,21.1%,754,1.0%,0.0%
Kinver ED,South Staffordshire,CON,Conservative,37.1%,1483,45.1%,1804,6.0%,240,7.3%,294,3.7%,150,0.8%,0.0%
Lichfield City North ED,Lichfield District,RFM,Reform UK,34.0%,1260,22.2%,821,11.8%,436,25.4%,941,6.7%,247,0.0%,0.0%
Lichfield City South ED,Lichfield District,CON,Conservative,26.3%,1002,29.1%,1109,15.4%,587,22.6%,862,6.7%,255,0.0%,0.0%
Lichfield Rural East ED,Lichfield District,RFM,Reform UK,38.8%,1197,31.0%,958,18.6%,575,11.6%,357,0.0%,,0.0%,0.0%
Lichfield Rural North ED,Lichfield District,CON,Conservative,32.2%,944,32.9%,964,10.5%,307,24.5%,719,0.0%,,0.0%,0.0%
Lichfield Rural South ED,Lichfield District,CON,Conservative,40.5%,1744,42.4%,1825,5.4%,232,11.6%,500,0.0%,,0.0%,0.0%
Lichfield Rural West ED,Lichfield District,RFM,Reform UK,42.1%,1586,38.6%,1455,3.9%,146,10.5%,397,4.9%,184,0.0%,0.0%
Needwood Forest ED,East Staffordshire Borough,CON,Conservative,36.5%,1281,37.3%,1312,8.6%,303,12.7%,447,4.9%,171,0.0%,0.0%
"Norton Canes, Heath Hayes & Wimblebury ED",Cannock Chase District,RFM,Reform UK,60.7%,2250,18.5%,685,0.0%,,15.6%,577,5.3%,196,0.0%,0.0%
Penkridge ED,South Staffordshire,RFM,Reform UK,37.6%,1438,22.5%,859,31.8%,1216,5.5%,212,2.6%,99,0.0%,0.0%
Perrycrofts ED,Tamworth,RFM,Reform UK,34.9%,1517,23.8%,1037,0.0%,,13.5%,588,3.7%,160,23.5%,0.6%
Perton ED,South Staffordshire,RFM,Reform UK,35.2%,1084,33.5%,1031,3.2%,100,6.7%,205,4.3%,131,17.1%,0.0%
Stafford Central ED,Stafford Borough,RFM,Reform UK,33.8%,1080,18.7%,598,6.7%,214,31.3%,1002,9.5%,305,0.0%,0.0%
Stafford North ED,Stafford Borough,RFM,Reform UK,31.4%,1058,30.0%,1011,6.4%,216,23.6%,793,7.4%,250,1.2%,0.0%
Stafford South East ED,Stafford Borough,CON,Conservative,28.1%,1332,45.1%,2137,3.0%,144,18.3%,869,5.4%,258,0.0%,0.0%
Stafford South West ED,Stafford Borough,RFM,Reform UK,37.4%,1189,21.3%,679,6.2%,198,26.2%,832,8.9%,283,0.0%,0.0%
Stafford Trent Valley ED,Stafford Borough,RFM,Reform UK,30.6%,1273,30.1%,1252,4.9%,202,10.1%,421,0.0%,,24.3%,0.0%
Stafford West & Rural ED,Stafford Borough,GRN,Green,30.0%,1116,23.7%,884,2.8%,106,8.6%,320,34.8%,1297,0.0%,0.0%
Stone Rural North ED,Stafford Borough,RFM,Reform UK,34.6%,1461,22.0%,930,27.7%,1172,8.5%,360,0.0%,,7.2%,0.0%
Stone Urban ED,Stafford Borough,Loc,Stafford Borough Independents,32.5%,1215,12.6%,470,0.0%,,12.6%,470,0.0%,,42.4%,0.0%
Stretton ED,East Staffordshire Borough,RFM,Reform UK,39.1%,1214,30.2%,938,6.6%,206,19.5%,605,4.5%,140,0.0%,0.0%
The Cotes/Two Rivers ED,Tamworth,RFM,Reform UK,50.4%,1972,20.1%,788,0.0%,,20.6%,806,5.9%,232,1.5%,1.4%
The Heaths ED,Tamworth,RFM,Reform UK,55.2%,2020,20.4%,746,0.0%,,16.3%,595,6.4%,233,1.8%,0.0%
Uttoxeter Rural ED,East Staffordshire Borough,RFM,Reform UK,38.8%,1432,38.1%,1407,0.0%,,9.7%,357,13.4%,496,0.0%,0.0%
Uttoxeter Town ED,East Staffordshire Borough,RFM,Reform UK,43.2%,1492,27.0%,933,0.0%,,20.3%,701,9.5%,330,0.0%,0.0%
Watling ED,Tamworth,RFM,Reform UK,55.9%,2164,25.9%,1004,0.0%,,18.1%,702,0.0%,,0.0%,0.0%
Wilnecote ED,Tamworth,RFM,Reform UK,53.5%,1934,23.2%,840,0.0%,,20.4%,736,0.0%,,2.9%,0.0%
Wombourne ED,South Staffordshire,RFM,Reform UK,46.8%,1751,34.8%,1303,3.5%,132,9.2%,343,5.7%,213,0.0%,0.0%
